ticker,month,close,monthly_return_pct
AAPL,2010-10,9.187773,4.94007200473956
AAPL,2010-11,9.569743,4.157373065268377
AAPL,2010-12,9.612879,0.45075400666454435
AAPL,2011-01,10.188967,5.992876847820527
AAPL,2011-02,10.307271,1.1610990594041581
AAPL,2011-03,10.146661,-1.5582204057698723
AAPL,2011-04,9.951193,-1.9264268314473143
AAPL,2011-05,10.097512,1.470366417373281
AAPL,2011-06,9.698544,-3.9511515311890677
AAPL,2011-07,11.159651,15.06522009901692
AAPL,2011-08,11.282224,1.0983587210746881
AAPL,2011-09,11.868809,5.199196541391138
AAPL,2011-10,12.049168,1.5196048735808265
AAPL,2011-11,11.677706,-3.0828850589517787
AAPL,2011-12,12.339871,5.670334567422741
AAPL,2012-01,13.749327,11.421967052978088
AAPL,2012-02,16.036196,16.63258863506556
AAPL,2012-03,17.947233,11.917021967055042
AAPL,2012-04,17.294232,-3.6384494478898244
AAPL,2012-05,17.912774,3.5765797521393194
AAPL,2012-06,17.832416,-0.4486072341447489
AAPL,2012-07,18.327523,2.7764437527702412
AAPL,2012-08,19.742964,7.723034913119475
AAPL,2012-09,19.746794,0.019399316131063493
AAPL,2012-10,17.907934,-9.312195184696815
AAPL,2012-11,17.573979,-1.8648438172711557
AAPL,2012-12,16.00416,-8.9326327293324
AAPL,2013-01,13.757585,-14.037444014556211
AAPL,2013-02,13.803704,0.3352259862468454
AAPL,2013-03,13.668351,-0.9805556537578641
AAPL,2013-04,13.558221,-0.8057299669872342
AAPL,2013-05,14.23122,4.9637706893846945
AAPL,2013-06,12.832419,-9.82910108901416
AAPL,2013-07,14.247701,11.02895720596404
AAPL,2013-08,15.932075,11.82207571593481
AAPL,2013-09,15.194442,-4.629861458723983
AAPL,2013-10,16.892894,11.178113681305302
AAPL,2013-11,18.264515,8.1195146314184
AAPL,2013-12,18.488772,1.2278289349594074
AAPL,2014-01,17.248126,-6.710267182698781
AAPL,2014-02,18.169756,5.343363099272347
AAPL,2014-03,18.492553,1.776562106832924
AAPL,2014-04,20.155621,8.9931768750372
AAPL,2014-05,21.564692,6.990958006205816
AAPL,2014-06,21.770072,0.9523901384726363
AAPL,2014-07,22.846567,4.9448389513824464
AAPL,2014-08,24.543858,7.429085516436662
AAPL,2014-09,24.904961,1.4712560674039032
AAPL,2014-10,26.852878,7.821401527189709
AAPL,2014-11,30.105346,12.112176579359568
AAPL,2014-12,28.365721,-5.7784587494858926
AAPL,2015-01,33.003667,16.350530980686152
AAPL,2015-02,35.724849,8.245089856227183
AAPL,2015-03,35.089549,-1.778314024504346
AAPL,2015-04,33.723299,-3.8936094618941985
AAPL,2015-05,36.252583,7.500108456174481
AAPL,2015-06,34.932314,-3.6418618778143452
AAPL,2015-07,35.333755,1.1491967007968507
AAPL,2015-08,33.440703,-5.357630401863589
AAPL,2015-09,33.140238,-0.8985008479038381
AAPL,2015-10,35.068982,5.819946133156928
AAPL,2015-11,35.532578,1.321954540910264
AAPL,2015-12,32.820591,-7.632395825599825
AAPL,2016-01,30.869555,-5.944548652399351
AAPL,2016-02,29.611448,-4.075559236276649
AAPL,2016-03,32.016968,8.123614893807286
AAPL,2016-04,26.640147,-16.793660786368026
AAPL,2016-05,29.807085,11.887839808091162
AAPL,2016-06,28.338806,-4.925939587853023
AAPL,2016-07,30.967941,9.277508022038749
AAPL,2016-08,31.904182,3.023258795281225
AAPL,2016-09,33.96857,6.470587460916577
AAPL,2016-10,34.860399,2.6254534706642074
AAPL,2016-11,34.167693,-1.9870856899830702
AAPL,2016-12,35.809138,4.804084958267452
AAPL,2017-01,36.412465,1.684840891729933
AAPL,2017-02,41.975217,15.277054162633608
AAPL,2017-03,44.218615,5.344577491999614
AAPL,2017-04,45.385437,2.6387574554291193
AAPL,2017-05,47.886255,5.510177196266719
AAPL,2017-06,43.402744,-9.362834909516316
AAPL,2017-07,43.117197,-0.6579008000047182
AAPL,2017-08,47.927008,11.155203340328468
AAPL,2017-09,44.838518,-6.444153576204881
AAPL,2017-10,50.815181,13.329305397649405
AAPL,2017-11,51.817106,1.9717040858321377
AAPL,2017-12,49.6713,-4.141115098168546
AAPL,2018-01,48.158565,-3.0454910582167205
AAPL,2018-02,53.605921,11.311292186550826
AAPL,2018-03,50.827761,-5.182561829317322
AAPL,2018-04,49.837182,-1.948893637081528
AAPL,2018-05,57.060153,14.493136871181855
AAPL,2018-06,57.485826,0.7460074633869329
AAPL,2018-07,58.414438,1.6153755884102505
AAPL,2018-08,70.327285,20.393668770724126
AAPL,2018-09,69.158404,-1.662059042944708
AAPL,2018-10,68.071486,-1.5716354587940073
AAPL,2018-11,56.408876,-17.132885860608347
AAPL,2018-12,51.105933,-9.400901730429801
AAPL,2019-01,51.956392,1.6641101141818604
AAPL,2019-02,54.386258,4.676741217904423
AAPL,2019-03,60.537196,11.309728277315934
AAPL,2019-04,64.242612,6.120891360742897
AAPL,2019-05,56.700991,-11.739281397836054
AAPL,2019-06,62.013142,9.368709270001997
AAPL,2019-07,67.062689,8.142704654442445
AAPL,2019-08,66.701015,-0.5393073337694676
AAPL,2019-09,71.282037,6.867994437565916
AAPL,2019-10,78.67706,10.374314920321371
AAPL,2019-11,85.610396,8.812398429732893
AAPL,2019-12,91.932441,7.384669730998561
AAPL,2020-01,98.734457,7.398928959147311
AAPL,2020-02,88.698545,-10.164548734997359
AAPL,2020-03,87.16663,-1.7271027388329752
AAPL,2020-04,98.746534,13.284790291881187
AAPL,2020-05,106.202915,7.551030601236097
AAPL,2020-06,120.446717,13.411874805884572
AAPL,2020-07,138.045115,14.610940371251457
AAPL,2020-08,163.394089,18.362818561163863
AAPL,2020-09,149.967709,-8.217176081565592
AAPL,2020-10,140.755278,-6.142943078499663
AAPL,2020-11,150.116549,6.650742432550194
AAPL,2020-12,164.30646,9.452596062543384
AAPL,2021-01,164.010852,-0.17991258529943543
AAPL,2021-02,149.811118,-8.65780149718386
AAPL,2021-03,149.609805,-0.1343778770811932
AAPL,2021-04,157.298368,5.1390769475302855
AAPL,2021-05,146.934336,-6.5887727455633875
AAPL,2021-06,165.622261,12.718555450510905
AAPL,2021-07,177.345476,7.078284603299778
AAPL,2021-08,187.185812,5.548681715455772
AAPL,2021-09,176.150695,-5.8952742636284805
AAPL,2021-10,181.262131,2.901740467160807
AAPL,2021-11,206.915717,14.152755381652216
AAPL,2021-12,220.286589,6.461989545240776
AAPL,2022-01,217.529241,-1.2517094265779294
AAPL,2022-02,205.433323,-5.560594035263522
AAPL,2022-03,213.77657,4.061291945318923
AAPL,2022-04,197.590349,-7.571559876744205
AAPL,2022-05,184.717716,-6.51480857498764
AAPL,2022-06,172.869556,-6.414197975466529
AAPL,2022-07,204.491504,18.292375321424448
AAPL,2022-08,202.54135,-0.9536601579300807
AAPL,2022-09,186.131465,-8.101992506715295
AAPL,2022-10,205.649483,10.486146444933443
AAPL,2022-11,196.802104,-4.302164474685299
AAPL,2022-12,173.200672,-11.992469348803315
AAPL,2023-01,189.587355,9.461096663643431
AAPL,2023-02,197.745574,4.303145112183238
AAPL,2023-03,219.973502,11.2406702968735
AAPL,2023-04,227.100197,3.239797037008585
AAPL,2023-05,237.998088,4.798714903800794
AAPL,2023-06,253.497012,6.512205257716186
AAPL,2023-07,255.51916,0.7977009212242647
AAPL,2023-08,251.263904,-1.6653373469136312
AAPL,2023-09,228.796256,-8.941852626790359
AAPL,2023-10,234.129996,2.3312182171372653
AAPL,2023-11,255.337525,9.058014505753453
AAPL,2023-12,252.022753,-1.298192265316278
AAPL,2024-01,244.499269,-2.985239987438748
AAPL,2024-02,243.063126,-0.58738130624022
AAPL,2024-03,230.259215,-5.2677307375697975
AAPL,2024-04,232.022858,0.765938075485928
AAPL,2024-05,260.158504,12.126238872551065
AAPL,2024-06,286.061037,9.956442938340393
AAPL,2024-07,304.315838,6.3814356514410475
AAPL,2024-08,306.926996,0.8580420976971981
AAPL,2024-09,312.473502,1.8071092058647098
AAPL,2024-10,312.325138,-0.04748050604304055
AAPL,2024-11,330.693441,5.881147805656295
AAPL,2024-12,358.370995,8.369550335290743
AAPL,2025-01,339.964103,-5.136267236136105
AAPL,2025-02,347.652602,2.261562009680773
AAPL,2025-03,317.948242,-8.544265116704064
AAPL,2025-04,292.231534,-8.088331559323414
AAPL,2025-05,275.491568,-5.728322939987729
AAPL,2025-06,279.064836,1.297051676006311
AAPL,2025-07,286.487736,2.6599195034375356
AAPL,2025-08,318.399392,11.138925681621492
AAPL,2025-09,353.795254,11.116812057229053
AAPL,2025-10,378.282739,6.921371816932287
AAPL,2025-11,389.439563,2.949334677414406
AAPL,2025-12,372.263184,-4.410537765522293
AAPL,2026-01,351.577219,-5.556811924759131
AAPL,2026-02,360.394356,2.5078806371694906
AAPL,2026-03,353.757881,-1.8414480941538414
AAPL,2026-04,369.68724,4.502898693018786
AAPL,2026-05,430.580388,16.471530908126564
AAPL,2026-06,411.18056,-4.505506646531243
AAPL,2026-07,433.369839,5.396480563186157
AAPL,2026-08,439.34421,1.3785848627088981
AAPL,2026-09,471.3956,7.29527993552026
AMZN,2010-10,8.416816,4.078103439598713
AMZN,2010-11,9.001528,6.946950010550301
AMZN,2010-12,8.9514,-0.5568832313802785
AMZN,2011-01,8.50066,-5.035413454878568
AMZN,2011-02,8.438357,-0.7329195615399242
AMZN,2011-03,8.752517,3.722999631326318
AMZN,2011-04,9.287268,6.109682506186509
AMZN,2011-05,9.527664,2.5884468931014037
AMZN,2011-06,9.859485,3.4827109772133102
AMZN,2011-07,10.611979,7.632183628252398
AMZN,2011-08,10.529052,-0.7814470797576911
AMZN,2011-09,11.232067,6.676906904819169
AMZN,2011-10,10.606109,-5.572954648507711
AMZN,2011-11,9.803906,-7.563593774116417
AMZN,2011-12,8.802135,-10.218080426311715
AMZN,2012-01,9.772554,11.024813866181326
AMZN,2012-02,8.864108,-9.295891329943018
AMZN,2012-03,10.116387,14.12752416825247
AMZN,2012-04,11.460498,13.286472729839227
AMZN,2012-05,11.017028,-3.8695526145547943
AMZN,2012-06,11.635574,5.614454279321057
AMZN,2012-07,11.681331,0.3932509045105892
AMZN,2012-08,12.243435,4.811985894415627
AMZN,2012-09,12.508729,2.166826548268519
AMZN,2012-10,11.639842,-6.946245297983522
AMZN,2012-11,12.516803,7.534131477042383
AMZN,2012-12,12.479528,-0.2977996857504217
AMZN,2013-01,13.26438,6.289116062722866
AMZN,2013-02,13.590085,2.4554860460873407
AMZN,2013-03,13.532362,-0.4247434802652106
AMZN,2013-04,12.781872,-5.545890658260544
AMZN,2013-05,13.916294,8.8752414356833
AMZN,2013-06,14.595386,4.879833668360267
AMZN,2013-07,15.493251,6.15170438109689
AMZN,2013-08,14.82591,-4.307301288799881
AMZN,2013-09,16.077512,8.441991081829038
AMZN,2013-10,18.982344,18.067671167031342
AMZN,2013-11,20.859892,9.891022942161399
AMZN,2013-12,21.207652,1.6671227252758491
AMZN,2014-01,19.941371,-5.970868439372734
AMZN,2014-02,20.051288,0.5512008176368655
AMZN,2014-03,18.588935,-7.2930626700888235
AMZN,2014-04,16.661762,-10.36731259752105
AMZN,2014-05,16.982404,1.9244183178225738
AMZN,2014-06,17.336756,2.0865832658321093
AMZN,2014-07,17.042305,-1.6984203965263345
AMZN,2014-08,18.406482,8.004650779340006
AMZN,2014-09,18.069538,-1.8305725124442507
AMZN,2014-10,17.220308,-4.699788118545156
AMZN,2014-11,19.348196,12.35685215386393
AMZN,2014-12,18.001852,-6.958498869868812
AMZN,2015-01,22.54279,25.224837977781412
AMZN,2015-02,23.775206,5.4670074112388
AMZN,2015-03,23.596722,-0.7507148413351317
AMZN,2015-04,25.557759,8.310633146417533
AMZN,2015-05,26.75176,4.671775017520119
AMZN,2015-06,27.074193,1.2052777088311206
AMZN,2015-07,34.975745,29.184810790112948
AMZN,2015-08,33.909722,-3.0478921892871824
AMZN,2015-09,34.281273,1.0957064171744024
AMZN,2015-10,40.943248,19.43327775488384
AMZN,2015-11,44.318892,8.244690308888059
AMZN,2015-12,46.771588,5.534199726834332
AMZN,2016-01,41.226944,-11.854726848273778
AMZN,2016-02,37.35864,-9.382951110807536
AMZN,2016-03,38.500522,3.0565406021204167
AMZN,2016-04,41.385975,7.494581502037834
AMZN,2016-05,47.342745,14.393209293728116
AMZN,2016-06,46.547503,-1.679754733275396
AMZN,2016-07,49.478206,6.296155134250703
AMZN,2016-08,50.472279,2.0091128607209408
AMZN,2016-09,54.914976,8.802251628066958
AMZN,2016-10,52.929787,-3.6150229766102493
AMZN,2016-11,50.385764,-4.806410802295491
AMZN,2016-12,50.342522,-0.08582186031752537
AMZN,2017-01,53.649722,6.569396741784206
AMZN,2017-02,55.979675,4.342898552204999
AMZN,2017-03,58.999237,5.394032744920363
AMZN,2017-04,63.186067,7.096413806164992
AMZN,2017-05,67.13685,6.252617368952551
AMZN,2017-06,62.80868,-6.446787420023414
AMZN,2017-07,61.662166,-1.825406934200824
AMZN,2017-08,61.464008,-0.32136075142089604
AMZN,2017-09,59.98824,-2.4010279316636907
AMZN,2017-10,71.251875,18.77640517541439
AMZN,2017-11,75.82977,6.424946711928636
AMZN,2017-12,73.355006,-3.2635784072666874
AMZN,2018-01,89.178954,21.571735676771663
AMZN,2018-02,96.86486,8.61852001538388
AMZN,2018-03,93.31001,-3.6699067133323604
AMZN,2018-04,100.514223,7.720728997885651
AMZN,2018-05,105.501599,4.961860969665954
AMZN,2018-06,111.914832,6.078801706123915
AMZN,2018-07,115.684682,3.3684990028846062
AMZN,2018-08,131.380298,13.567583649493042
AMZN,2018-09,129.644175,-1.321448517341639
AMZN,2018-10,105.005237,-19.00504824069419
AMZN,2018-11,112.404756,7.046809484368866
AMZN,2018-12,102.449374,-8.856726667330694
AMZN,2019-01,112.954936,10.254393550515983
AMZN,2019-02,107.974606,-4.409130026863107
AMZN,2019-03,118.980811,10.19332730883038
AMZN,2019-04,129.29839,8.671632772783845
AMZN,2019-05,120.056859,-7.147444759366306
AMZN,2019-06,123.909679,3.2091627517924604
AMZN,2019-07,122.722117,-0.9584093910855795
AMZN,2019-08,118.078878,-3.7835388709925755
AMZN,2019-09,114.943281,-2.6555104969747445
AMZN,2019-10,116.904228,1.7060127246585344
AMZN,2019-11,119.654156,2.3522913131935663
AMZN,2019-12,119.99873,0.28797495341490453
AMZN,2020-01,132.906959,10.756971344613397
AMZN,2020-02,126.484394,-4.832376760648027
AMZN,2020-03,138.303388,9.344231036122942
AMZN,2020-04,172.0667,24.412498123328685
AMZN,2020-05,168.364087,-2.151847510296867
AMZN,2020-06,187.985995,11.654449799617893
AMZN,2020-07,212.096854,12.825880459871497
AMZN,2020-08,225.037102,6.101103225227478
AMZN,2020-09,210.00388,-6.680330428357539
AMZN,2020-10,202.177894,-3.7265911467921464
AMZN,2020-11,205.368193,1.5779662834948693
AMZN,2020-12,207.335527,0.9579545747865792
AMZN,2021-01,204.87618,-1.1861676749687078
AMZN,2021-02,196.168451,-4.250239827782809
AMZN,2021-03,194.54028,-0.8299861632694472
AMZN,2021-04,212.986274,9.481837900099666
AMZN,2021-05,194.770724,-8.552452539735034
AMZN,2021-06,213.186715,9.45521514824783
AMZN,2021-07,207.342756,-2.7412397625245943
AMZN,2021-08,218.955418,5.600707844357977
AMZN,2021-09,209.273473,-4.421879617521052
AMZN,2021-10,208.821485,-0.21597959527340782
AMZN,2021-11,224.312837,7.418466543325275
AMZN,2021-12,211.363813,-5.772752096216416
AMZN,2022-01,190.243171,-9.992553455685439
AMZN,2022-02,194.994297,2.4973963454383297
AMZN,2022-03,203.682301,4.455516973401541
AMZN,2022-04,158.981534,-21.946318742736505
AMZN,2022-05,152.041608,-4.365240305204255
AMZN,2022-06,136.862206,-9.98371577338225
AMZN,2022-07,173.05988,26.448261399498428
AMZN,2022-08,166.208147,-3.9591689304303235
AMZN,2022-09,154.8891,-6.810163764114396
AMZN,2022-10,139.820356,-9.728731072748186
AMZN,2022-11,130.406232,-6.733013896774809
AMZN,2022-12,113.7696,-12.75754367321954
AMZN,2023-01,137.67855,21.01523605602904
AMZN,2023-02,128.237607,-6.857235931087303
AMZN,2023-03,139.782357,9.002624323767993
AMZN,2023-04,143.18001,2.4306737079844876
AMZN,2023-05,164.024974,14.558571409514487
AMZN,2023-06,172.59664,5.225829817842276
AMZN,2023-07,176.150136,2.058844250965719
AMZN,2023-08,186.741331,6.012595414629707
AMZN,2023-09,171.86624,-7.965612604528349
AMZN,2023-10,184.609139,7.414428220457947
AMZN,2023-11,198.419438,7.48083170465359
AMZN,2023-12,200.955844,1.278305203142449
AMZN,2024-01,207.92144,3.4662321141553765
AMZN,2024-02,239.86332,15.362475365695815
AMZN,2024-03,244.4149,1.8975723341109418
AMZN,2024-04,240.555,-1.579240872794574
AMZN,2024-05,240.611228,0.02337428031011779
AMZN,2024-06,264.501275,9.928899494249709
AMZN,2024-07,258.200682,-2.3820652660370145
AMZN,2024-08,240.81435,-6.733650688033421
AMZN,2024-09,251.526867,4.448454587527695
AMZN,2024-10,259.39424,3.127845980763566
AMZN,2024-11,291.25389,12.282327471882182
AMZN,2024-12,315.680271,8.386628243832206
AMZN,2025-01,344.255712,9.052019915428922
AMZN,2025-02,306.489864,-10.97028943415178
AMZN,2025-03,273.517776,-10.757970123279502
AMZN,2025-04,254.720904,-6.872267051484082
AMZN,2025-05,282.052758,10.730118168864532
AMZN,2025-06,299.313777,6.119783803000445
AMZN,2025-07,324.101884,8.281645852873654
AMZN,2025-08,314.6918,-2.903433909072861
AMZN,2025-09,305.663397,-2.8689667160059495
AMZN,2025-10,342.347596,12.001502096765627
AMZN,2025-11,326.018238,-4.769818217154942
AMZN,2025-12,316.361892,-2.961903622091222
AMZN,2026-01,324.53866,2.5846248257991755
AMZN,2026-02,286.482,-11.726387235345081
AMZN,2026-03,290.307553,1.3353554499060838
AMZN,2026-04,361.117744,24.391439446978502
AMZN,2026-05,373.429072,3.4092282100654625
AMZN,2026-06,338.68114,-9.305095560422782
AMZN,2026-07,380.999582,12.495068960733956
AMZN,2026-08,360.197082,-5.459979743494825
AMZN,2026-09,351.364572,-2.452132580019073
MSFT,2010-10,20.879287,7.721307001247002
MSFT,2010-11,19.928582,-4.5533403511336505
MSFT,2010-12,21.337452,7.069594816128921
MSFT,2011-01,21.358285,0.09763583768107598
MSFT,2011-02,20.013255,-6.297462553758404
MSFT,2011-03,19.073227,-4.697027045325719
MSFT,2011-04,19.008616,-0.3387523254455016
MSFT,2011-05,18.854398,-0.8113057783901811
MSFT,2011-06,19.504221,3.4465327400005075
MSFT,2011-07,20.331487,4.241471628115767
MSFT,2011-08,20.380855,0.24281549106566214
MSFT,2011-09,20.247849,-0.6526026508701488
MSFT,2011-10,20.718747,2.3256692599791906
MSFT,2011-11,20.579076,-0.674128604398716
MSFT,2011-12,20.830296,1.220754517841316
MSFT,2012-01,23.422366,12.443750199229054
MSFT,2012-02,24.864096,6.155355953365249
MSFT,2012-03,25.598541,2.9538375334458244
MSFT,2012-04,25.126611,-1.8435816322500576
MSFT,2012-05,24.147632,-3.896184009853132
MSFT,2012-06,24.920562,3.200852158091516
MSFT,2012-07,23.590781,-5.336079499330715
MSFT,2012-08,24.457676,3.674719374487845
MSFT,2012-09,23.55627,-3.68557503174054
MSFT,2012-10,22.953715,-2.5579389266636943
MSFT,2012-11,21.441202,-6.5894039374454145
MSFT,2012-12,21.558389,0.5465505152183026
MSFT,2013-01,22.252684,3.2205328515038767
MSFT,2013-02,23.387473,5.0995601249719025
MSFT,2013-03,23.7559,1.5753176925100032
MSFT,2013-04,27.271854,14.800340126031841
MSFT,2013-05,29.726693,9.001364557026449
MSFT,2013-06,29.911055,0.6201900763061596
MSFT,2013-07,26.978995,-9.802596397886997
MSFT,2013-08,29.235081,8.362379695759614
MSFT,2013-09,28.3902,-2.8899560770842436
MSFT,2013-10,30.628304,7.883368204521268
MSFT,2013-11,33.776787,10.279651788750698
MSFT,2013-12,33.257921,-1.5361615064215406
MSFT,2014-01,35.165839,5.7367326117588435
MSFT,2014-02,35.72651,1.5943626426771607
MSFT,2014-03,38.150314,6.784329059849403
MSFT,2014-04,37.273303,-2.298830358250792
MSFT,2014-05,37.728051,1.220036764651633
MSFT,2014-06,37.751083,0.06104741535681857
MSFT,2014-07,39.857727,5.580353813955474
MSFT,2014-08,42.093969,5.6105607828564885
MSFT,2014-09,44.338512,5.332219919675429
MSFT,2014-10,45.170807,1.8771378705717545
MSFT,2014-11,46.911606,3.853814256628163
MSFT,2014-12,46.272793,-1.361737647608996
MSFT,2015-01,44.12125,-4.649693395425681
MSFT,2015-02,47.433838,7.507919653228323
MSFT,2015-03,44.590257,-5.994836428795836
MSFT,2015-04,50.976271,14.321545623744658
MSFT,2015-05,50.843987,-0.25950113141857134
MSFT,2015-06,47.939703,-5.71214841983182
MSFT,2015-07,53.03462,10.627760877033365
MSFT,2015-08,50.419167,-4.931595625649798
MSFT,2015-09,51.943673,3.0236635999955963
MSFT,2015-10,60.336834,16.158196976174576
MSFT,2015-11,63.918535,5.936176565048146
MSFT,2015-12,67.726455,5.957458192682297
MSFT,2016-01,68.356288,0.9299659933478033
MSFT,2016-02,61.127206,-10.575591816805508
MSFT,2016-03,63.641563,4.1133190350627125
MSFT,2016-04,55.610517,-12.619184101433834
MSFT,2016-05,62.115746,11.697839457237924
MSFT,2016-06,59.551169,-4.1287067533568695
MSFT,2016-07,66.12739,11.0429754955776
MSFT,2016-08,67.883628,2.655840492116801
MSFT,2016-09,68.012957,0.1905157455638573
MSFT,2016-10,72.298731,6.301408127277863
MSFT,2016-11,73.320997,1.413947362367951
MSFT,2016-12,75.617642,3.13231556303033
MSFT,2017-01,76.341988,0.9579060928665228
MSFT,2017-02,77.290029,1.2418343101046947
MSFT,2017-03,79.924953,3.4091383249448715
MSFT,2017-04,85.278887,6.698701468113466
MSFT,2017-05,86.457375,1.3819223508393152
MSFT,2017-06,82.026838,-5.124533332176695
MSFT,2017-07,83.232751,1.4701444422372978
MSFT,2017-08,86.442991,3.8569432842608053
MSFT,2017-09,85.700534,-0.8588978602093955
MSFT,2017-10,98.866876,15.363197153473983
MSFT,2017-11,100.507841,1.6597722780276714
MSFT,2017-12,99.423265,-1.0790959085470786
MSFT,2018-01,108.214418,8.842148766689562
MSFT,2018-02,111.802332,3.315560039328602
MSFT,2018-03,109.549229,-2.015255817740913
MSFT,2018-04,111.743156,2.0026859340105396
MSFT,2018-05,119.643534,7.070122486964658
MSFT,2018-06,121.396187,1.4648957126258022
MSFT,2018-07,129.060691,6.313628285540784
MSFT,2018-08,137.61145,6.6253782881109835
MSFT,2018-09,138.945158,0.9691838869512637
MSFT,2018-10,131.726209,-5.195538372053221
MSFT,2018-11,139.011411,5.530563777175113
MSFT,2018-12,130.613556,-6.041126364798943
MSFT,2019-01,129.396634,-0.9316965537635169
MSFT,2019-02,139.649344,7.923475041862371
MSFT,2019-03,149.171169,6.818381474101298
MSFT,2019-04,165.970026,11.26146366795584
MSFT,2019-05,158.95713,-4.225399109113825
MSFT,2019-06,166.581806,4.79668700611291
MSFT,2019-07,170.248193,2.200952845954851
MSFT,2019-08,174.709595,2.620528254299903
MSFT,2019-09,175.501533,0.45328821236176875
MSFT,2019-10,179.852456,2.479136749192956
MSFT,2019-11,192.438009,6.997709833887389
MSFT,2019-12,195.896705,1.7973039827074988
MSFT,2020-01,215.463676,9.988412515667378
MSFT,2020-02,208.657116,-3.1590289956809237
MSFT,2020-03,214.589725,2.843233489338548
MSFT,2020-04,239.082298,11.413674629575121
MSFT,2020-05,242.984845,1.6323027813627489
MSFT,2020-06,266.725853,9.770571493872371
MSFT,2020-07,264.290689,-0.9129838643725297
MSFT,2020-08,283.560468,7.291130487007069
MSFT,2020-09,270.489576,-4.609560737500273
MSFT,2020-10,259.98201,-3.884647295983046
MSFT,2020-11,268.273076,3.189092199110233
MSFT,2020-12,273.738,2.037075088370033
MSFT,2021-01,286.56594,4.6862109023957155
MSFT,2021-02,285.585016,-0.3423030664425841
MSFT,2021-03,287.250725,0.5832620434119695
MSFT,2021-04,300.149577,4.490450633327403
MSFT,2021-05,293.031113,-2.3716388579151704
MSFT,2021-06,326.041522,11.26515497349252
MSFT,2021-07,344.783662,5.748390537816217
MSFT,2021-08,370.578954,7.481587686135782
MSFT,2021-09,349.480534,-5.693367033466245
MSFT,2021-10,399.56233,14.33035351834504
MSFT,2021-11,412.203012,3.1636320671170504
MSFT,2021-12,415.612732,0.8271943437424545
MSFT,2022-01,385.538328,-7.236160416760285
MSFT,2022-02,370.578432,-3.8802616791967726
MSFT,2022-03,376.299546,1.5438335062090136
MSFT,2022-04,346.746348,-7.853636368724192
MSFT,2022-05,336.642962,-2.913768539531958
MSFT,2022-06,324.005584,-3.7539409482738595
MSFT,2022-07,352.465075,8.7836421362417
MSFT,2022-08,336.33255,-4.57705632253067
MSFT,2022-09,313.199467,-6.87803871495637
MSFT,2022-10,310.842326,-0.752600578340068
MSFT,2022-11,339.080518,9.084410209953187
MSFT,2022-12,319.569326,-5.754147160999679
MSFT,2023-01,325.48635,1.8515619362041047
MSFT,2023-02,334.793648,2.859504860956541
MSFT,2023-03,384.817622,14.941733303136019
MSFT,2023-04,411.488079,6.930674552112914
MSFT,2023-05,441.558821,7.307803927899448
MSFT,2023-06,445.679584,0.9332308186410287
MSFT,2023-07,437.53965,-1.8264094412724918
MSFT,2023-08,439.308271,0.40421959472700664
MSFT,2023-09,422.866392,-3.742674583060601
MSFT,2023-10,464.568919,9.861868379457306
MSFT,2023-11,510.816304,9.954902945196809
MSFT,2023-12,493.659127,-3.358776308753053
MSFT,2024-01,528.683132,7.0947751362044675
MSFT,2024-02,558.173453,5.578071100630466
MSFT,2024-03,566.89135,1.561861631567063
MSFT,2024-04,532.183263,-6.122528946684403
MSFT,2024-05,563.964954,5.971944856146294
MSFT,2024-06,609.420518,8.059997997677005
MSFT,2024-07,575.508027,-5.564711065405914
MSFT,2024-08,561.639774,-2.4097410199979685
MSFT,2024-09,579.701056,3.2158124898041818
MSFT,2024-10,564.346681,-2.6486712144267677
MSFT,2024-11,593.26746,5.124647663162207
MSFT,2024-12,606.49635,2.229835764125676
MSFT,2025-01,601.172904,-0.8777375164747525
MSFT,2025-02,573.174162,-4.657352620802746
MSFT,2025-03,539.660664,-5.847000828345095
MSFT,2025-04,545.933112,1.162294830515953
MSFT,2025-05,633.363288,16.014814650040865
MSFT,2025-06,678.616463,7.144900226676842
MSFT,2025-07,738.5774,8.835762211680986
MSFT,2025-08,696.293398,-5.72506036604965
MSFT,2025-09,721.038195,3.553788829691018
MSFT,2025-10,725.866058,0.6695710481744888
MSFT,2025-11,687.780779,-5.246874210503439
MSFT,2025-12,662.849572,-3.6248769609771414
MSFT,2026-01,583.559298,-11.962031409443219
MSFT,2026-02,535.775908,-8.188266413330291
MSFT,2026-03,515.979963,-3.6948180581497847
MSFT,2026-04,555.559472,7.670745346365315
MSFT,2026-05,621.241152,11.822619055264717
MSFT,2026-06,530.06142,-14.677027062109381
MSFT,2026-07,651.955688,22.996253528506184
MSFT,2026-08,703.408314,7.892043423662876
MSFT,2026-09,696.2527,-1.0172774272895535
NVDA,2010-10,0.280778,1.8281913562561591
NVDA,2010-11,0.320301,14.076245289873125
NVDA,2010-12,0.351276,9.670591100246329
NVDA,2011-01,0.549649,56.47211878978355
NVDA,2011-02,0.505955,-7.949436822408485
NVDA,2011-03,0.411244,-18.719253688569147
NVDA,2011-04,0.434996,5.7756465747828445
NVDA,2011-05,0.445147,2.33358467664071
NVDA,2011-06,0.352418,-20.831096244611334
NVDA,2011-07,0.302409,-14.19025134925005
NVDA,2011-08,0.298543,-1.2784011057871858
NVDA,2011-09,0.297999,-0.18221830691055318
NVDA,2011-10,0.337127,13.130245403508066
NVDA,2011-11,0.365464,8.405437713383979
NVDA,2011-12,0.323158,-11.57596917890682
NVDA,2012-01,0.340414,5.339802820911133
NVDA,2012-02,0.342705,0.6730040480121158
NVDA,2012-03,0.352865,2.9646488962810524
NVDA,2012-04,0.294607,-16.509996740963253
NVDA,2012-05,0.295025,0.14188393351142192
NVDA,2012-06,0.322858,9.434115752902294
NVDA,2012-07,0.310882,-3.709370683086677
NVDA,2012-08,0.317293,2.062197232390428
NVDA,2012-09,0.3008,-5.198034624148651
NVDA,2012-10,0.27454,-8.730053191489361
NVDA,2012-11,0.274319,-0.08049828804547188
NVDA,2012-12,0.281547,2.634888578625616
NVDA,2013-01,0.282764,0.43225465020051423
NVDA,2013-02,0.302331,6.9199049383938505
NVDA,2013-03,0.302512,0.05986815774763343
NVDA,2013-04,0.322006,6.444041889247365
NVDA,2013-05,0.349207,8.44735812376165
NVDA,2013-06,0.344364,-1.3868565063128724
NVDA,2013-07,0.346628,0.657443867535501
NVDA,2013-08,0.365053,5.3154967284812615
NVDA,2013-09,0.375337,2.8171251845622303
NVDA,2013-10,0.37149,-1.0249455822367581
NVDA,2013-11,0.389919,4.960833400629894
NVDA,2013-12,0.401846,3.058840425832021
NVDA,2014-01,0.411655,2.4409848548946567
NVDA,2014-02,0.48213,17.11991837825364
NVDA,2014-03,0.468843,-2.7558957127745587
NVDA,2014-04,0.479367,2.24467465654814
NVDA,2014-05,0.491388,2.507682005644951
NVDA,2014-06,0.470931,-4.163105326137395
NVDA,2014-07,0.4535,-3.7013914989669328
NVDA,2014-08,0.504763,11.30385887541343
NVDA,2014-09,0.494197,-2.0932596089649924
NVDA,2014-10,0.52657,6.550626571994567
NVDA,2014-11,0.57513,9.22194580017852
NVDA,2014-12,0.558218,-2.940552570723143
NVDA,2015-01,0.585975,4.972430125864813
NVDA,2015-02,0.66487,13.463884978028062
NVDA,2015-03,0.639422,-3.8275151533382346
NVDA,2015-04,0.647981,1.3385526303442807
NVDA,2015-05,0.667765,3.0531759418871873
NVDA,2015-06,0.607212,-9.068010452779063
NVDA,2015-07,0.630025,3.7570074372706763
NVDA,2015-08,0.722521,14.681322169755173
NVDA,2015-09,0.802551,11.076494662438874
NVDA,2015-10,0.902191,12.415410360213851
NVDA,2015-11,1.031874,14.374228960386425
NVDA,2015-12,1.112999,7.861909496702135
NVDA,2016-01,1.006231,-9.592820838113958
NVDA,2016-02,1.038474,3.2043337961163765
NVDA,2016-03,1.131768,8.983758861560354
NVDA,2016-04,1.091852,-3.526871231559825
NVDA,2016-05,1.502583,37.61782732458245
NVDA,2016-06,1.501473,-0.0738727910537973
NVDA,2016-07,1.828322,21.768556610741573
NVDA,2016-08,1.980084,8.300616630987312
NVDA,2016-09,2.210844,11.654051040258896
NVDA,2016-10,2.345927,6.110019521956334
NVDA,2016-11,3.0493,29.982731772983563
NVDA,2016-12,3.530603,15.784048798084815
NVDA,2017-01,3.504119,-0.7501268196962396
NVDA,2017-02,3.316702,-5.348477035169196
NVDA,2017-03,3.575825,7.812670538384214
NVDA,2017-04,3.514618,-1.711688910950615
NVDA,2017-05,4.811522,36.900283330933824
NVDA,2017-06,4.631842,-3.7343692910476234
NVDA,2017-07,5.009494,8.153386924683526
NVDA,2017-08,5.249249,4.786012319807154
NVDA,2017-09,5.513801,5.039806646626976
NVDA,2017-10,6.58996,19.51755241075983
NVDA,2017-11,6.39683,-2.9306702923841743
NVDA,2017-12,6.00287,-6.158675468943208
NVDA,2018-01,7.472816,24.487386866615466
NVDA,2018-02,7.670503,2.645415061738432
NVDA,2018-03,7.389126,-3.668299197588476
NVDA,2018-04,7.143593,-3.3228963750245977
NVDA,2018-05,8.085107,13.179838213067296
NVDA,2018-06,7.724415,-4.461190185856556
NVDA,2018-07,7.892546,2.176617905692546
NVDA,2018-08,9.077442,15.012848832303272
NVDA,2018-09,9.011947,-0.7215138361666207
NVDA,2018-10,6.864185,-23.832386053757304
NVDA,2018-11,5.390416,-21.470414914516432
NVDA,2018-12,4.516143,-16.219026509271284
NVDA,2019-01,4.68556,3.751364826135939
NVDA,2019-02,5.042779,7.623827247970372
NVDA,2019-03,5.956878,18.12688995492364
NVDA,2019-04,6.031343,1.2500675689513852
NVDA,2019-05,4.553959,-24.495108303407708
NVDA,2019-06,5.341616,17.296093355254193
NVDA,2019-07,5.513009,3.208635738697807
NVDA,2019-08,5.54012,0.4917641164743136
NVDA,2019-09,5.734908,3.515952723045701
NVDA,2019-10,6.581105,14.755197467858249
NVDA,2019-11,7.170957,8.962810956518696
NVDA,2019-12,7.608448,6.100873286508346
NVDA,2020-01,7.789076,2.374045271782088
NVDA,2020-02,9.034857,15.993951015499164
NVDA,2020-03,9.315752,3.1090143430050787
NVDA,2020-04,10.127648,8.715302854777596
NVDA,2020-05,12.192933,20.39254326374691
NVDA,2020-06,12.903236,5.825530247726274
NVDA,2020-07,14.183175,9.91951941357967
NVDA,2020-08,17.389029,22.603218249792455
NVDA,2020-09,17.998046,3.502305965445207
NVDA,2020-10,16.645369,-7.515688091918427
NVDA,2020-11,17.326556,4.09235145222675
NVDA,2020-12,16.579101,-4.313927130123252
NVDA,2021-01,16.558663,-0.12327568304217884
NVDA,2021-02,17.353968,4.8029541998650505
NVDA,2021-03,16.748768,-3.4873868616099757
NVDA,2021-04,18.398876,9.85211568994211
NVDA,2021-05,19.588868,6.467742920817554
NVDA,2021-06,24.742514,26.309054714136604
NVDA,2021-07,24.253544,-1.9762341045861276
NVDA,2021-08,28.19256,16.240991419645724
NVDA,2021-09,26.345967,-6.549930194349141
NVDA,2021-10,31.606445,19.966919415028485
NVDA,2021-11,41.72405,32.011208473461664
NVDA,2021-12,37.225524,-10.781613961252557
NVDA,2022-01,31.092231,-16.476042083383426
NVDA,2022-02,30.913027,-0.5763626289795765
NVDA,2022-03,34.045852,10.134319748111364
NVDA,2022-04,23.690144,-30.416944772009224
NVDA,2022-05,23.581311,-0.459402019675359
NVDA,2022-06,19.509017,-17.26915861463343
NVDA,2022-07,23.262351,19.238970369445063
NVDA,2022-08,19.764439,-15.036794862221791
NVDA,2022-09,16.622479,-15.897036085871196
NVDA,2022-10,18.403902,10.716951424634068
NVDA,2022-11,22.842838,24.119537259000843
NVDA,2022-12,19.778845,-13.413363961168045
NVDA,2023-01,26.063072,31.772466996935343
NVDA,2023-02,31.571791,21.136107823360195
NVDA,2023-03,37.569638,18.99748734558644
NVDA,2023-04,37.656546,0.2313250928848376
NVDA,2023-05,51.437024,36.595172589647504
NVDA,2023-06,55.982427,8.836831228805142
NVDA,2023-07,61.546868,9.939620874243271
NVDA,2023-08,66.751941,8.457088344446696
NVDA,2023-09,58.788881,-11.929331013760336
NVDA,2023-10,56.544993,-3.8168578170419742
NVDA,2023-11,63.499517,12.299097817555648
NVDA,2023-12,65.479281,3.117762297310067
NVDA,2024-01,82.404277,25.847864761984773
NVDA,2024-02,107.324587,30.241524963564693
NVDA,2024-03,122.403518,14.049838365555512
NVDA,2024-04,118.74001,-2.992976067893738
NVDA,2024-05,149.471066,25.880961269920743
NVDA,2024-06,169.061824,13.106722608106637
NVDA,2024-07,161.568062,-4.432557169145412
NVDA,2024-08,161.017783,-0.3405864953681226
NVDA,2024-09,163.921057,1.8030766204252036
NVDA,2024-10,184.736292,12.698328927930236
NVDA,2024-11,193.67424,4.8382198772291
NVDA,2024-12,193.229881,-0.2294362946770767
NVDA,2025-01,173.909388,-9.99870874008353
NVDA,2025-02,180.359496,3.708890057160108
NVDA,2025-03,155.807088,-13.613038705763525
NVDA,2025-04,150.440304,-3.4445056825656017
NVDA,2025-05,185.911854,23.57848864756349
NVDA,2025-06,215.545757,15.939759817574629
NVDA,2025-07,246.243228,14.241742183772143
NVDA,2025-08,239.358156,-2.7960452175358808
NVDA,2025-09,259.738018,8.514379597743904
NVDA,2025-10,283.850482,9.28337876205707
NVDA,2025-11,247.4283,-12.831467377955697
NVDA,2025-12,255.6169,3.309484000011298
NVDA,2026-01,259.210506,1.405856185565213
NVDA,2026-02,241.722598,-6.746604630292263
NVDA,2026-03,243.09616,0.5682389695315093
NVDA,2026-04,271.894168,11.84634426146427
NVDA,2026-05,291.330972,7.1486652850898835
NVDA,2026-06,284.32789,-2.4038233737812
NVDA,2026-07,281.632175,-0.9481008001009039
NVDA,2026-08,306.133548,8.699777644368933
NVDA,2026-09,306.812792,0.2218783287351478
RY,2010-10,33.312621,1.3050629600506625
RY,2010-11,33.694864,1.1474419860268759
RY,2010-12,31.901696,-5.321784352653869
RY,2011-01,32.966267,3.337035748820383
RY,2011-02,34.944019,5.999320456877921
RY,2011-03,36.890403,5.570006128945848
RY,2011-04,36.88043,-0.027034131343051104
RY,2011-05,35.044693,-4.977536867113519
RY,2011-06,33.961971,-3.0895462545498797
RY,2011-07,31.95993,-5.894949383238091
RY,2011-08,31.176129,-2.4524490510461128
RY,2011-09,29.620493,-4.989830520652516
RY,2011-10,30.654939,3.4923321499071625
RY,2011-11,29.574461,-3.5246457349009885
RY,2011-12,32.688922,10.530913817837618
RY,2012-01,33.535583,2.590054820406751
RY,2012-02,35.331034,5.353868456677802
RY,2012-03,36.947118,4.574120304545848
RY,2012-04,36.766404,-0.48911528092665524
RY,2012-05,33.128494,-9.894658177612358
RY,2012-06,33.585969,1.3809109463291502
RY,2012-07,33.31067,-0.8196845533919195
RY,2012-08,35.939588,7.892119852287571
RY,2012-09,36.7409,2.2296081969554127
RY,2012-10,37.469006,1.981731530800812
RY,2012-11,38.439323,2.589652364943973
RY,2012-12,39.436841,2.5950457035884833
RY,2013-01,41.338603,4.822298013169957
RY,2013-02,42.400632,2.56909746079228
RY,2013-03,40.648273,-4.132860566795326
RY,2013-04,40.804391,0.38407043762966886
RY,2013-05,41.1974,0.9631536958853326
RY,2013-06,41.111381,-0.2087971571021474
RY,2013-07,43.405585,5.580459581253172
RY,2013-08,44.130958,1.6711513046074655
RY,2013-09,44.723911,1.3436214097142463
RY,2013-10,47.894765,7.089840600031594
RY,2013-11,48.200012,0.6373285264057671
RY,2013-12,48.886034,1.4232818033323325
RY,2014-01,47.519493,-2.79536073636083
RY,2014-02,49.749564,4.692960423630788
RY,2014-03,50.375042,1.2572532293951388
RY,2014-04,51.095559,1.4303055072390825
RY,2014-05,52.204416,2.1701631642781383
RY,2014-06,53.233098,1.970488473618781
RY,2014-07,56.651196,6.421001460407205
RY,2014-08,56.836744,0.3275270658010587
RY,2014-09,56.440238,-0.6976226505867489
RY,2014-10,57.161882,1.2785984353928415
RY,2014-11,59.54324,4.165989496287059
RY,2014-12,57.081676,-4.1340780246422515
RY,2015-01,51.893753,-9.088596137226258
RY,2015-02,56.48075,8.839208449618209
RY,2015-03,55.198699,-2.2698901838236973
RY,2015-04,58.775817,6.480438968317004
RY,2015-05,57.862904,-1.553211927279552
RY,2015-06,55.646639,-3.830200088125546
RY,2015-07,56.279409,1.137121686720377
RY,2015-08,54.310828,-3.497870775437606
RY,2015-09,54.703507,0.7230215676328866
RY,2015-10,55.737505,1.8901859436543988
RY,2015-11,56.822179,1.9460397446925626
RY,2015-12,55.59099,-2.1667402089596055
RY,2016-01,54.727552,-1.5531977394178331
RY,2016-02,52.285733,-4.4617727465683155
RY,2016-03,56.637612,8.32326286790317
RY,2016-04,59.737632,5.473429917913908
RY,2016-05,60.444841,1.1838584428656374
RY,2016-06,58.909956,-2.5393151418828253
RY,2016-07,61.543218,4.469977876065645
RY,2016-08,63.113841,2.552065119506741
RY,2016-09,62.915691,-0.3139564901461167
RY,2016-10,65.48612,4.085513421445208
RY,2016-11,68.053843,3.921018683043065
RY,2016-12,71.097173,4.47194436910785
RY,2017-01,73.880751,3.9151739549475595
RY,2017-02,75.959564,2.813741024370464
RY,2017-03,76.560983,0.7917620485552002
RY,2017-04,74.48659,-2.7094649503128565
RY,2017-05,74.271195,-0.2891728564832996
RY,2017-06,74.923748,0.8786084564816887
RY,2017-07,74.795762,-0.17082167325639386
RY,2017-08,74.601485,-0.25974332609914885
RY,2017-09,77.565197,3.972725207815908
RY,2017-10,81.693013,5.321737273483618
RY,2017-11,81.815344,0.1497447523449713
RY,2017-12,83.045642,1.5037497122789123
RY,2018-01,86.111973,3.6923442653378657
RY,2018-02,82.623814,-4.050724746487933
RY,2018-03,81.488404,-1.3741921911278432
RY,2018-04,80.597629,-1.093130993214697
RY,2018-05,80.812611,0.26673489365303116
RY,2018-06,81.870987,1.309666878601412
RY,2018-07,84.582644,3.3121098198071186
RY,2018-08,86.518879,2.289163483704759
RY,2018-09,86.511435,-0.008603902507786643
RY,2018-10,80.580304,-6.855892518717333
RY,2018-11,82.027001,1.7953481535636806
RY,2018-12,78.687056,-4.071762906460519
RY,2019-01,85.12843,8.186065570937107
RY,2019-02,87.528417,2.8192543901021105
RY,2019-03,85.832153,-1.937958046242283
RY,2019-04,92.11319,7.317813640303306
RY,2019-05,87.538763,-4.966093346674894
RY,2019-06,89.480661,2.218329267458352
RY,2019-07,90.494003,1.132470400503638
RY,2019-08,86.692574,-4.2007523968190625
RY,2019-09,93.746138,8.136295503234226
RY,2019-10,93.787635,0.044265290160527826
RY,2019-11,95.987909,2.3460171482093672
RY,2019-12,90.885089,-5.316107052608066
RY,2020-01,93.23588,2.586553004310743
RY,2020-02,89.235571,-4.290525278465762
RY,2020-03,77.918834,-12.681867637738309
RY,2020-04,77.456166,-0.593781986008679
RY,2020-05,80.833457,4.360261002332599
RY,2020-06,83.536233,3.3436352969538286
RY,2020-07,84.6854,1.375650970519593
RY,2020-08,90.781319,7.198311633410248
RY,2020-09,85.553945,-5.758204504607378
RY,2020-10,86.181044,0.7329866553786646
RY,2020-11,98.267699,14.024725669371097
RY,2020-12,96.596538,-1.7006208723784222
RY,2021-01,96.52504,-0.07401714541777071
RY,2021-02,100.807568,4.436701606132454
RY,2021-03,108.295774,7.428218087753091
RY,2021-04,110.751486,2.2675972563804825
RY,2021-05,118.777461,7.246832787417401
RY,2021-06,118.658917,-0.09980344671620678
RY,2021-07,120.402485,1.4693948369678855
RY,2021-08,123.86008,2.8716973740201546
RY,2021-09,121.079889,-2.2446223189909187
RY,2021-10,124.023283,2.4309520138394047
RY,2021-11,121.976837,-1.6500498539455677
RY,2021-12,129.562821,6.219200453607443
RY,2022-01,140.845118,8.707974180339907
RY,2022-02,136.149226,-3.3340821937470455
RY,2022-03,133.798421,-1.7266385341037527
RY,2022-04,126.593086,-5.385216765749423
RY,2022-05,129.442162,2.250577887010352
RY,2022-06,122.209278,-5.587734234537889
RY,2022-07,123.773144,1.2796622528119306
RY,2022-08,120.742215,-2.4487775797308653
RY,2022-09,122.160622,1.1747399200851216
RY,2022-10,126.212303,3.3166833417072716
RY,2022-11,134.782824,6.790559078856195
RY,2022-12,127.340688,-5.521575953921253
RY,2023-01,136.6506,7.311026935868292
RY,2023-02,138.104132,1.06368504785197
RY,2023-03,129.348414,-6.339939198922739
RY,2023-04,134.843118,4.247987145787513
RY,2023-05,121.719644,-9.73240176780843
RY,2023-06,126.45524,3.890576610624996
RY,2023-07,130.623601,3.296313383296723
RY,2023-08,121.91431,-6.667471217548204
RY,2023-09,118.21888,-3.0311700078522352
RY,2023-10,110.801548,-6.274236399465128
RY,2023-11,122.78128,10.811881436891113
RY,2023-12,133.754538,8.937240269852209
RY,2024-01,130.768117,-2.2327623755090897
RY,2024-02,131.73756,0.741345078785538
RY,2024-03,136.6924,3.761144505788616
RY,2024-04,133.102518,-2.62624842346757
RY,2024-05,149.011499,11.95242677527708
RY,2024-06,145.602306,-2.2878724278855733
RY,2024-07,154.301766,5.974809217650701
RY,2024-08,162.944298,5.6010583832203364
RY,2024-09,168.373027,3.331647112929348
RY,2024-10,168.230524,-0.08463529018813976
RY,2024-11,176.06367,4.6561978253126135
RY,2024-12,173.401839,-1.5118570458062197
RY,2025-01,176.603412,1.846331629735487
RY,2025-02,170.613846,-3.3915347003601437
RY,2025-03,162.046272,-5.021617061489847
RY,2025-04,165.578256,2.1796144745619417
RY,2025-05,174.258828,5.242579677853332
RY,2025-06,179.473665,2.992581242426362
RY,2025-07,177.840024,-0.9102399508028158
RY,2025-08,199.753712,12.322135089230546
RY,2025-09,205.084172,2.668516117487707
RY,2025-10,205.3637,0.13629915818174076
RY,2025-11,215.402411,4.888259707046583
RY,2025-12,233.673594,8.482348417167906
RY,2026-01,225.441126,-3.523063029535123
RY,2026-02,228.135166,1.1950082257839778
RY,2026-03,225.505142,-1.1528358587207022
RY,2026-04,245.191128,8.729728211696376
RY,2026-05,261.513494,6.656996985633179
RY,2026-06,294.10437,12.46240700680632
RY,2026-07,293.921579,-0.06215174565410431
RY,2026-08,283.07439,-3.6905044661589836
RY,2026-09,284.753716,0.593245471623205
SHOP,2015-06,4.234923,24.906296453599495
SHOP,2015-07,4.878273,15.19153949198131
SHOP,2015-08,3.641614,-25.350344271425563
SHOP,2015-09,4.714688,29.466989087805562
SHOP,2015-10,4.215343,-10.591262878900999
SHOP,2015-11,3.511912,-16.68739649418801
SHOP,2015-12,3.57072,1.6745294301223845
SHOP,2016-01,3.269376,-8.439306358381515
SHOP,2016-02,3.026447,-7.430439325424787
SHOP,2016-03,3.659119,20.904777119837227
SHOP,2016-04,3.995602,9.195738099799433
SHOP,2016-05,3.83699,-3.969664646278581
SHOP,2016-06,4.001568,4.2892475612394065
SHOP,2016-07,4.469151,11.684994482163003
SHOP,2016-08,5.428086,21.45675990808993
SHOP,2016-09,5.629816,3.716411272776443
SHOP,2016-10,5.555544,-1.3192615886558179
SHOP,2016-11,5.594614,0.703261462783833
SHOP,2016-12,5.756155,2.8874378107229592
SHOP,2017-01,6.621846,15.039396958560003
SHOP,2017-02,7.844733,18.467463604559818
SHOP,2017-03,9.062779,15.526927430162395
SHOP,2017-04,10.376289,14.493457249702324
SHOP,2017-05,12.4011,19.513826185835793
SHOP,2017-06,11.277013,-9.06441364072541
SHOP,2017-07,11.532394,2.264615638910761
SHOP,2017-08,13.904931,20.572805611740286
SHOP,2017-09,14.537952,4.552492924991869
SHOP,2017-10,12.827246,-11.767173257966457
SHOP,2017-11,13.380322,4.311728332020759
SHOP,2017-12,12.67045,-5.305343174850341
SHOP,2018-01,15.725206,24.10929367149548
SHOP,2018-02,17.703319,12.579250154179222
SHOP,2018-03,16.064635,-9.256365995551462
SHOP,2018-04,17.152747,6.773337831827497
SHOP,2018-05,19.174693,11.787884471216191
SHOP,2018-06,19.210795,0.18827941599899312
SHOP,2018-07,17.990796,-6.350590904749131
SHOP,2018-08,19.017219,5.705267293342664
SHOP,2018-09,21.289347,11.94774062390509
SHOP,2018-10,18.155673,-14.719446303355376
SHOP,2018-11,20.305307,11.840012760749751
SHOP,2018-12,18.887349,-6.983189173155568
SHOP,2019-01,22.143697,17.240894950371267
SHOP,2019-02,24.909164,12.488732120928137
SHOP,2019-03,27.610631,10.845273651094844
SHOP,2019-04,32.689032,18.392919017316167
SHOP,2019-05,37.185723,13.755962550374722
SHOP,2019-06,39.28063,5.6336325637664775
SHOP,2019-07,41.794862,6.400691638601508
SHOP,2019-08,51.2376,22.59305940524459
SHOP,2019-09,41.273134,-19.447565850078853
SHOP,2019-10,41.265812,-0.017740353809825304
SHOP,2019-11,44.750708,8.44499558133014
SHOP,2019-12,51.63769,15.3896604272719
SHOP,2020-01,61.620788,19.332967838026825
SHOP,2020-02,62.2179,0.9690106527037612
SHOP,2020-03,59.149859,-4.931122715488634
SHOP,2020-04,87.951539,48.69272807564935
SHOP,2020-05,104.477886,18.790287455913646
SHOP,2020-06,129.356976,23.81278082138838
SHOP,2020-07,137.25696,6.107118645074072
SHOP,2020-08,139.082496,1.3300134288272147
SHOP,2020-09,136.453968,-1.889905685903126
SHOP,2020-10,123.248767,-9.67740344494783
SHOP,2020-11,141.367767,14.701161270035247
SHOP,2020-12,144.119874,1.9467712183641073
SHOP,2021-01,140.399802,-2.58123456311099
SHOP,2021-02,162.491045,15.734525750969386
SHOP,2021-03,139.142375,-14.36920416137395
SHOP,2021-04,145.271354,4.404825632737697
SHOP,2021-05,150.213268,3.401850305601206
SHOP,2021-06,181.073861,20.544518743843575
SHOP,2021-07,186.921277,3.2292987887412528
SHOP,2021-08,192.381493,2.9211313380873127
SHOP,2021-09,172.73993,-10.209694650825906
SHOP,2021-10,181.639843,5.152203662465316
SHOP,2021-11,194.667377,7.172178628231896
SHOP,2021-12,174.625504,-10.295445137682202
SHOP,2022-01,122.641686,-29.768743287349363
SHOP,2022-02,88.157135,-28.118131872388
SHOP,2022-03,84.467962,-4.184769616208595
SHOP,2022-04,54.598814,-35.361511385819874
SHOP,2022-05,47.445178,-13.102182036408339
SHOP,2022-06,40.255864,-15.15288655888275
SHOP,2022-07,44.665992,10.955243688223915
SHOP,2022-08,41.496315,-7.096398978444274
SHOP,2022-09,36.926658,-11.012199516993249
SHOP,2022-10,46.720527,26.522489525047167
SHOP,2022-11,55.220704,18.193666779486463
SHOP,2022-12,47.011224,-14.866670298154839
SHOP,2023-01,65.77545,39.91435321913763
SHOP,2023-02,55.987426,-14.880968507247017
SHOP,2023-03,64.877202,15.878165215168139
SHOP,2023-04,65.78541,1.3998877448506475
SHOP,2023-05,77.795557,18.25655111064901
SHOP,2023-06,85.5304,9.942525380980305
SHOP,2023-07,89.050166,4.115222190004952
SHOP,2023-08,89.967619,1.030265345041581
SHOP,2023-09,73.77864,-17.994228567947324
SHOP,2023-10,65.457249,-11.278862012094548
SHOP,2023-11,98.904124,51.09728183046616
SHOP,2023-12,103.03054,4.172137453034819
SHOP,2024-01,107.269779,4.114546036544109
SHOP,2024-02,103.63409,-3.389294761202033
SHOP,2024-03,104.56535,0.8986039246352107
SHOP,2024-04,96.49692,-7.716160276802963
SHOP,2024-05,80.662855,-16.408881236831196
SHOP,2024-06,90.402635,12.074677991499328
SHOP,2024-07,84.51108,-6.517016898899019
SHOP,2024-08,99.927837,18.242290833343965
SHOP,2024-09,108.180986,8.259109020842725
SHOP,2024-10,108.837036,0.606437438091012
SHOP,2024-11,161.9556,48.80559591865401
SHOP,2024-12,152.998237,-5.53075225555647
SHOP,2025-01,169.17312,10.571940773409061
SHOP,2025-02,161.7056,-4.414129147703849
SHOP,2025-03,137.262048,-15.116082559911348
SHOP,2025-04,131.214,-4.406205566741939
SHOP,2025-05,147.513276,12.421903150578428
SHOP,2025-06,157.372005,6.683282527058787
SHOP,2025-07,169.187524,7.5080183416357915
SHOP,2025-08,194.146976,14.752536954202377
SHOP,2025-09,206.879981,6.5584359140365756
SHOP,2025-10,243.716948,17.80596016199365
SHOP,2025-11,221.762856,-9.008028444538052
SHOP,2025-12,220.625482,-0.5128784957567412
SHOP,2026-01,177.974126,-19.332017142063396
SHOP,2026-02,164.699866,-7.45853360729527
SHOP,2026-03,165.344418,0.39134943801351074
SHOP,2026-04,165.027512,-0.19166416612865778
SHOP,2026-05,163.796058,-0.7462113347500576
SHOP,2026-06,162.24978,-0.9440263818803252
SHOP,2026-07,164.349735,1.2942729413870424
SHOP,2026-08,204.343242,24.334390925546657
SHOP,2026-09,179.88568,-11.968862664907698
TD,2010-10,22.920657,-1.1582310452407318
TD,2010-11,23.280497,1.56993754585657
TD,2010-12,23.029764,-1.077008794099199
TD,2011-01,23.387239,1.552230409308586
TD,2011-02,25.403987,8.623283834402162
TD,2011-03,26.828969,5.609284873275988
TD,2011-04,25.805714,-3.81399300137103
TD,2011-05,26.203424,1.5411703005001165
TD,2011-06,25.709684,-1.8842575687818441
TD,2011-07,24.117405,-6.193304437347413
TD,2011-08,24.418418,1.2481152097416626
TD,2011-09,23.331097,-4.452872417860975
TD,2011-10,23.910068,2.481542123801539
TD,2011-11,23.114662,-3.3266572056591337
TD,2011-12,24.32125,5.220011436896632
TD,2012-01,25.001736,2.797907179935244
TD,2012-02,25.941858,3.7602268898447644
TD,2012-03,27.374241,5.521512761345004
TD,2012-04,27.158563,-0.787886685150474
TD,2012-05,25.715195,-5.31459635769389
TD,2012-06,25.937318,0.8637811224064151
TD,2012-07,25.834818,-0.3951834958417888
TD,2012-08,26.511645,2.6198249199975043
TD,2012-09,26.915606,1.5237115614666674
TD,2012-10,26.942619,0.10036184955299898
TD,2012-11,27.341008,1.4786572901468897
TD,2012-12,27.801884,1.6856584073271952
TD,2013-01,27.917048,0.41423092046568577
TD,2013-02,28.304629,1.3883308865607846
TD,2013-03,28.286796,-0.06300382880835009
TD,2013-04,27.853612,-1.5314000214092793
TD,2013-05,28.22547,1.335044086921311
TD,2013-06,28.524732,1.060255152527123
TD,2013-07,29.525027,3.5067638847579685
TD,2013-08,30.773181,4.227444059576979
TD,2013-09,31.556848,2.5465908123050385
TD,2013-10,32.912673,4.296452548112528
TD,2013-11,33.339154,1.2957956954757321
TD,2013-12,34.486698,3.442030952555064
TD,2014-01,33.377459,-3.2164256491009846
TD,2014-02,34.866758,4.461990351033007
TD,2014-03,36.040075,3.3651451046868397
TD,2014-04,36.965302,2.567217188088544
TD,2014-05,37.805641,2.273318367586996
TD,2014-06,38.504489,1.848528371731617
TD,2014-07,40.282981,4.618921186046654
TD,2014-08,40.455931,0.42933764013144415
TD,2014-09,39.190677,-3.1274870426291734
TD,2014-10,39.697584,1.293437722446078
TD,2014-11,41.230901,3.8624945034438474
TD,2014-12,39.616139,-3.9163878567679222
TD,2015-01,36.565444,-7.700636854086151
TD,2015-02,39.588946,8.268741383257927
TD,2015-03,39.231182,-0.9036967036202603
TD,2015-04,40.862965,4.159403099299963
TD,2015-05,39.671234,-2.916408537657522
TD,2015-06,38.734888,-2.3602643668709677
TD,2015-07,38.889062,0.39802361116936247
TD,2015-08,38.816778,-0.18587231545981187
TD,2015-09,38.94493,0.3301458972200022
TD,2015-10,40.100703,2.9677110730459644
TD,2015-11,40.665917,1.409486511994551
TD,2015-12,40.508711,-0.3865792575143523
TD,2016-01,40.196288,-0.7712489296437863
TD,2016-02,39.441858,-1.8768648488138973
TD,2016-03,42.20517,7.00603911712272
TD,2016-04,42.55253,0.82302713151019
TD,2016-05,43.522916,2.2804425494794334
TD,2016-06,42.555561,-2.2226337040468613
TD,2016-07,43.721387,2.7395385529049854
TD,2016-08,45.044587,3.0264364668943333
TD,2016-09,44.815018,-0.509648362410331
TD,2016-10,47.245173,5.422635331754178
TD,2016-11,49.425805,4.615565700225077
TD,2016-12,51.462334,4.120375985783142
TD,2017-01,52.827008,2.651791891133426
TD,2017-02,53.537222,1.344414584297482
TD,2017-03,52.210338,-2.4784326687701475
TD,2017-04,50.837805,-2.628852929471548
TD,2017-05,50.882715,0.08833976998021686
TD,2017-06,51.662864,1.533229899387245
TD,2017-07,51.311852,-0.6794280704221056
TD,2017-08,53.590021,4.4398494913027164
TD,2017-09,56.000256,4.4975444215631155
TD,2017-10,58.945507,5.259352742958878
TD,2017-11,59.014796,0.11754755116448745
TD,2017-12,59.097739,0.14054610982643378
TD,2018-01,60.596377,2.5358635124771878
TD,2018-02,60.193334,-0.6651272236952277
TD,2018-03,59.421096,-1.2829294353424614
TD,2018-04,58.973975,-0.7524617183095939
TD,2018-05,61.863472,4.899613770311384
TD,2018-06,62.342052,0.7736067577972294
TD,2018-07,63.594033,2.008244771923784
TD,2018-08,65.202675,2.5295486449176785
TD,2018-09,64.975227,-0.34883231401164894
TD,2018-10,60.701715,-6.577140546196169
TD,2018-11,61.260283,0.9201848745130192
TD,2018-12,56.489203,-7.788210838007393
TD,2019-01,62.251561,10.200813065109093
TD,2019-02,63.55254,2.0898736981069366
TD,2019-03,61.06156,-3.9195600994075153
TD,2019-04,65.171484,6.73078774928122
TD,2019-05,63.001867,-3.3290894526814996
TD,2019-06,65.093298,3.3196333689603286
TD,2019-07,66.313384,1.8743650075926377
TD,2019-08,62.180449,-6.232429640447846
TD,2019-09,66.588982,7.089902165228823
TD,2019-10,65.7038,-1.3293220190691568
TD,2019-11,67.197689,2.2736721468164633
TD,2019-12,63.779262,-5.087119885923452
TD,2020-01,64.820395,1.632400512881449
TD,2020-02,61.435526,-5.221919736835911
TD,2020-03,53.309639,-13.226690693589905
TD,2020-04,52.181557,-2.116093864376012
TD,2020-05,52.996125,1.5610266286228303
TD,2020-06,54.598947,3.024413577407792
TD,2020-07,54.01115,-1.0765720445121474
TD,2020-08,59.175858,9.562299636278793
TD,2020-09,56.129311,-5.14829375182021
TD,2020-10,54.277642,-3.2989341344311196
TD,2020-11,64.189456,18.26132019515514
TD,2020-12,66.190103,3.116784476254142
TD,2021-01,67.337053,1.7328119280914267
TD,2021-02,71.30099,5.886709951503222
TD,2021-03,76.348484,7.07913592784617
TD,2021-04,79.585178,4.239369048899522
TD,2021-05,82.110471,3.1730694878888244
TD,2021-06,81.809572,-0.3664563073813132
TD,2021-07,78.925709,-3.5250923938338286
TD,2021-08,78.092291,-1.0559525033851713
TD,2021-09,80.328438,2.8634670226283854
TD,2021-10,86.376171,7.528757125838781
TD,2021-11,88.66826,2.6536126497202606
TD,2021-12,93.512041,5.462812735921507
TD,2022-01,98.782877,5.636531877215689
TD,2022-02,99.432959,0.6580917864945413
TD,2022-03,96.310671,-3.140093618253881
TD,2022-04,90.493422,-6.040087707415109
TD,2022-05,94.466268,4.390204185227975
TD,2022-06,82.754279,-12.398064672143082
TD,2022-07,82.48384,-0.3267976028163977
TD,2022-08,83.512088,1.2466053956750933
TD,2022-09,83.223832,-0.3451667978891959
TD,2022-10,87.339951,4.945841715147159
TD,2022-11,90.152392,3.2201082869854236
TD,2022-12,87.710944,-2.708134466360035
TD,2023-01,92.4087,5.355951932292502
TD,2023-02,90.567895,-1.9920256426072425
TD,2023-03,81.06267,-10.495137377323383
TD,2023-04,82.323414,1.555270755330418
TD,2023-05,76.99298,-6.474991428319521
TD,2023-06,82.10124,6.634708774748033
TD,2023-07,86.889138,5.83169998406845
TD,2023-08,82.552631,-4.9908505249528385
TD,2023-09,81.47152,-1.3096021131052793
TD,2023-10,77.455664,-4.929153156833211
TD,2023-11,82.836618,6.94714075396734
TD,2023-12,85.466412,3.1746757213096277
TD,2024-01,81.359981,-4.80473077540684
TD,2024-02,81.42,0.07376968291081809
TD,2024-03,81.8149,0.485015966592961
TD,2024-04,81.541272,-0.33444763728854854
TD,2024-05,76.258104,-6.479133658842118
TD,2024-06,75.223752,-1.3563830540554767
TD,2024-07,81.514527,8.362750903464633
TD,2024-08,80.838072,-0.8298582165605972
TD,2024-09,85.394674,5.636702963425444
TD,2024-10,76.913732,-9.931464812430812
TD,2024-11,79.19853,2.970598280161485
TD,2024-12,76.607036,-3.272149116909129
TD,2025-01,82.660188,7.901561417935565
TD,2025-02,86.498058,4.642948549790371
TD,2025-03,86.169744,-0.37956227872769643
TD,2025-04,88.092936,2.2318645857877906
TD,2025-05,94.99899,7.839509401752731
TD,2025-06,100.207835,5.483053030353258
TD,2025-07,100.895072,0.6858116433710038
TD,2025-08,103.257388,2.3413591498304465
TD,2025-09,111.298395,7.787343022854687
TD,2025-10,115.129834,3.4424925894034786
TD,2025-11,117.325747,1.9073361992339999
TD,2025-12,129.11052,10.044490064060696
TD,2026-01,126.791138,-1.7964314604263065
TD,2026-02,132.818512,4.753781766672049
TD,2026-03,130.064809,-2.0732825255563747
TD,2026-04,146.73048,12.81335906932366
TD,2026-05,156.717684,6.806495828269621
TD,2026-06,172.55203,10.103739154287151
TD,2026-07,168.235768,-2.501426381364502
TD,2026-08,167.653806,-0.34592049414843284
TD,2026-09,170.387828,1.630754508489951
TSLA,2010-10,1.483373,5.8631133770762345
TSLA,2010-11,2.417511,62.9739114841648
TSLA,2010-12,1.765743,-26.960290976959367
TSLA,2011-01,1.610205,-8.80864316041462
TSLA,2011-02,1.551101,-3.6705885275477357
TSLA,2011-03,1.79783,15.906701111017263
TSLA,2011-04,1.745424,-2.9149585889655882
TSLA,2011-05,1.946639,11.52814445086121
TSLA,2011-06,1.872671,-3.7997800311203034
TSLA,2011-07,1.791236,-4.348601542929853
TSLA,2011-08,1.613704,-9.911145153402456
TSLA,2011-09,1.689251,4.681589684353504
TSLA,2011-10,1.945273,15.155947813557603
TSLA,2011-11,2.225669,14.414223607688982
TSLA,2011-12,1.936368,-12.99838385671903
TSLA,2012-01,1.948078,0.6047404212422336
TSLA,2012-02,2.197484,12.802670118958282
TSLA,2012-03,2.480436,12.876180213371292
TSLA,2012-04,2.183049,-11.989303493418092
TSLA,2012-05,2.035307,-6.767690509924429
TSLA,2012-06,2.125843,4.448272422784383
TSLA,2012-07,1.830559,-13.890207320107839
TSLA,2012-08,1.875282,2.4431334909172486
TSLA,2012-09,1.920182,2.3943065629596028
TSLA,2012-10,1.87465,-2.3712335601521195
TSLA,2012-11,2.239338,19.453658016163033
TSLA,2012-12,2.246484,0.31911216618483174
TSLA,2013-01,2.498669,11.225764349979794
TSLA,2013-02,2.388177,-4.422034291056553
TSLA,2013-03,2.565406,7.421099859851243
TSLA,2013-04,3.625245,41.312720091868506
TSLA,2013-05,6.738267,85.87066529296638
TSLA,2013-06,7.523785,11.657567145973902
TSLA,2013-07,9.208922,22.39746351071965
TSLA,2013-08,11.889749,29.11119238495017
TSLA,2013-09,13.258702,11.513724974345552
TSLA,2013-10,11.12013,-16.12957286467408
TSLA,2013-11,8.993601,-19.123238667173847
TSLA,2013-12,10.666525,18.60126994737703
TSLA,2014-01,13.447319,26.07028999603902
TSLA,2014-02,18.075175,34.41471121492694
TSLA,2014-03,15.360023,-15.021442392673933
TSLA,2014-04,15.185635,-1.1353368416180176
TSLA,2014-05,15.052208,-0.8786395827372284
TSLA,2014-06,17.08587,13.510722147873588
TSLA,2014-07,16.211616,-5.116824604190484
TSLA,2014-08,19.522684,20.424046560194874
TSLA,2014-09,18.133087,-7.1178583846360555
TSLA,2014-10,18.167746,0.19113678768540865
TSLA,2014-11,18.627496,2.530583595785618
TSLA,2014-12,17.201151,-7.657202020067544
TSLA,2015-01,17.261166,0.3489010706318352
TSLA,2015-02,16.955845,-1.768831839054208
TSLA,2015-03,15.961175,-5.866236687112902
TSLA,2015-04,18.263333,14.42348699265561
TSLA,2015-05,20.84148,14.116519695501362
TSLA,2015-06,22.308502,7.03895308778455
TSLA,2015-07,23.149684,3.7706789994236267
TSLA,2015-08,21.955469,-5.158666528666222
TSLA,2015-09,22.180464,1.024778837564333
TSLA,2015-10,18.048391,-18.62933525646714
TSLA,2015-11,20.467088,13.401177977582602
TSLA,2015-12,22.144969,8.197946869627959
TSLA,2016-01,17.938906,-18.993311754015096
TSLA,2016-02,17.303084,-3.5443744451306047
TSLA,2016-03,19.868978,14.829113700193552
TSLA,2016-04,20.142023,1.3742277031058237
TSLA,2016-05,19.49542,-3.210218755087302
TSLA,2016-06,18.410337,-5.565835462893343
TSLA,2016-07,20.412686,10.87622133152697
TSLA,2016-08,18.549462,-9.127774757324946
TSLA,2016-09,17.841743,-3.8153074196976555
TSLA,2016-10,17.667835,-0.9747253953831803
TSLA,2016-11,16.952607,-4.048192661975847
TSLA,2016-12,19.128104,12.832816805108504
TSLA,2017-01,21.884276,14.409018269662276
TSLA,2017-02,22.080783,0.8979369479712229
TSLA,2017-03,24.694442,11.836803975656117
TSLA,2017-04,28.605496,15.837790544123242
TSLA,2017-05,30.6909,7.290221431573851
TSLA,2017-06,31.284043,1.9326347549273537
TSLA,2017-07,26.923528,-13.938463772089815
TSLA,2017-08,29.743791,10.475087068826937
TSLA,2017-09,28.372906,-4.608978727694801
TSLA,2017-10,28.496109,0.43422763956570964
TSLA,2017-11,26.545027,-6.846836527751909
TSLA,2017-12,26.03928,-1.9052419875104976
TSLA,2018-01,29.036927,11.512019533566198
TSLA,2018-02,29.29508,0.8890506905224527
TSLA,2018-03,22.876535,-21.909976009623456
TSLA,2018-04,25.14996,9.937803080755025
TSLA,2018-05,24.577894,-2.2746199198726336
TSLA,2018-06,30.106393,22.493786489599145
TSLA,2018-07,25.872589,-14.062807191814708
TSLA,2018-08,26.254519,1.4761955210589761
TSLA,2018-09,22.849608,-12.968856904215231
TSLA,2018-10,29.55373,29.3402057488251
TSLA,2018-11,31.078186,5.158252443938549
TSLA,2018-12,30.267096,-2.6098370091484746
TSLA,2019-01,26.903139,-11.114237718742492
TSLA,2019-02,28.083288,4.386659118105141
TSLA,2019-03,24.93175,-11.222111883765173
TSLA,2019-04,21.359617,-14.32764647487642
TSLA,2019-05,16.697729,-21.8257097025663
TSLA,2019-06,19.496097,16.75897363048593
TSLA,2019-07,21.177878,8.626244524737437
TSLA,2019-08,19.996611,-5.5778345686947395
TSLA,2019-09,21.265609,6.346065340772
TSLA,2019-10,27.629025,29.92350701077968
TSLA,2019-11,29.230484,5.796292123952984
TSLA,2019-12,36.221844,23.91804391607062
TSLA,2020-01,57.391521,58.44450381929755
TSLA,2020-02,59.803769,4.203143527072584
TSLA,2020-03,49.559873,-17.129181272839176
TSLA,2020-04,72.50824,46.30432971448493
TSLA,2020-05,76.747679,5.8468375456361965
TSLA,2020-06,98.103475,27.825982854803975
TSLA,2020-07,127.851775,30.323390685192344
TSLA,2020-08,216.636749,69.44367725829383
TSLA,2020-09,190.751702,-11.948594649562438
TSLA,2020-10,172.264335,-9.691849040487199
TSLA,2020-11,245.2978,42.39616110903051
TSLA,2020-12,299.485924,22.09075010049011
TSLA,2021-01,338.04378,12.874680547590621
TSLA,2021-02,285.62434,-15.506701528423328
TSLA,2021-03,279.973572,-1.9783916174651028
TSLA,2021-04,290.51568,3.765393970828068
TSLA,2021-05,251.8807,-13.298758951668288
TSLA,2021-06,280.80714,11.484182789709575
TSLA,2021-07,285.463295,1.6581326956287556
TSLA,2021-08,309.419308,8.391976628729104
TSLA,2021-09,329.345931,6.44000632307018
TSLA,2021-10,459.858787,39.62789386944028
TSLA,2021-11,488.12609,6.1469528905620185
TSLA,2021-12,446.595228,-8.508224176257407
TSLA,2022-01,397.138056,-11.074272383403084
TSLA,2022-02,368.423581,-7.230350898429128
TSLA,2022-03,448.85632,21.83159361886773
TSLA,2022-04,371.291638,-17.280514619912225
TSLA,2022-05,319.681994,-13.900028634633566
TSLA,2022-06,289.255908,-9.517610178570147
TSLA,2022-07,381.06516,31.739801836649107
TSLA,2022-08,361.352271,-5.173101891550525
TSLA,2022-09,363.578175,0.6159928077496435
TSLA,2022-10,310.569346,-14.579761010132142
TSLA,2022-11,263.00076,-15.316574740122613
TSLA,2022-12,166.834992,-36.56482513586653
TSLA,2023-01,231.2487,38.60923132960021
TSLA,2023-02,279.950739,21.060459583124125
TSLA,2023-03,280.755618,0.28750736750153827
TSLA,2023-04,223.100118,-20.535831272306016
TSLA,2023-05,277.405979,24.34147569567846
TSLA,2023-06,346.58348,24.937278298533005
TSLA,2023-07,352.392511,1.67608421497758
TSLA,2023-08,349.208048,-0.9036693177625454
TSLA,2023-09,338.29744,-3.1243861825315133
TSLA,2023-10,278.585164,-17.6508211235651
TSLA,2023-11,326.076656,17.047387347590416
TSLA,2023-12,328.639648,0.7860090419965493
TSLA,2024-01,250.912413,-23.651204434104077
TSLA,2024-02,273.95116,9.181987740080455
TSLA,2024-03,238.19545,-13.051855666535605
TSLA,2024-04,251.936688,5.768891891091954
TSLA,2024-05,242.847696,-3.6076492360652135
TSLA,2024-06,270.838356,11.526014230746483
TSLA,2024-07,320.465463,18.323515078492058
TSLA,2024-08,288.855801,-9.863671955189757
TSLA,2024-09,353.174337,22.26665892716484
TSLA,2024-10,347.69126,-1.55251285995901
TSLA,2024-11,483.56916,39.08004475004636
TSLA,2024-12,581.085376,20.16592952288354
TSLA,2025-01,586.02264,0.8496624082998894
TSLA,2025-02,423.004524,-27.817716394028736
TSLA,2025-03,372.568416,-11.923302267093483
TSLA,2025-04,389.719392,4.603443357903969
TSLA,2025-05,476.659668,22.30842954820169
TSLA,2025-06,433.383538,-9.079041694796807
TSLA,2025-07,426.768988,-1.526257787853491
TSLA,2025-08,458.804154,7.506441869201619
TSLA,2025-09,619.094712,34.93659693412452
TSLA,2025-10,640.005808,3.377689325183586
TSLA,2025-11,601.334643,-6.042314697244122
TSLA,2025-12,616.386232,2.5030304133001557
TSLA,2026-01,583.722042,-5.299305582153235
TSLA,2026-02,549.104142,-5.930545278261046
TSLA,2026-03,518.182325,-5.631321025438563
TSLA,2026-04,519.932712,0.3377936520702507
TSLA,2026-05,601.303042,15.650165516033155
TSLA,2026-06,597.6726,-0.6037624536082142
TSLA,2026-07,436.596509,-26.95055637484468
TSLA,2026-08,510.19947,16.858348494032516
TSLA,2026-09,512.24056,0.4000572560375115
