year,ticker,annual_return_pct,partial_year
2011,AAPL,28.36810907533529,False
2012,AAPL,29.694710746976185,False
2013,AAPL,15.524788554975721,False
2014,AAPL,53.42133593296514,False
2015,AAPL,15.70511816004958,False
2016,AAPL,9.105707450545285,False
2017,AAPL,38.71124180649086,False
2018,AAPL,2.888253377705019,False
2019,AAPL,79.88604375934199,False
2020,AAPL,78.725222797032,False
2021,AAPL,34.07055875952778,False
2022,AAPL,-21.37484502063809,False
2023,AAPL,45.5091080708971,False
2024,AAPL,42.19787330074916,False
2025,AAPL,3.876482526159797,False
2026,AAPL,26.629658870590855,True
2011,AMZN,-1.6675045244319286,False
2012,AMZN,41.778420803589135,False
2013,AMZN,69.93953617476558,False
2014,AMZN,-15.116242005479908,False
2015,AMZN,159.81542343532215,False
2016,AMZN,7.634835917908123,False
2017,AMZN,45.711821906737214,False
2018,AMZN,39.66241649547408,False
2019,AMZN,17.1297835358174,False
2020,AMZN,72.78143443684782,False
2021,AMZN,1.9428826589858783,False
2022,AMZN,-46.17356756333687,False
2023,AMZN,76.63404283745396,False
2024,AMZN,57.08937083710788,False
2025,AMZN,0.21592131742689258,False
2026,AMZN,11.064126522545891,True
2011,MSFT,-2.376834872317457,False
2012,MSFT,3.495355994941196,False
2013,MSFT,54.26904579929421,False
2014,MSFT,39.13314966380488,False
2015,MSFT,46.36344730693045,False
2016,MSFT,11.651557725854689,False
2017,MSFT,31.48157277900836,False
2018,MSFT,31.371219804539695,False
2019,MSFT,49.98190922847243,False
2020,MSFT,39.73588784967057,False
2021,MSFT,51.828658059896696,False
2022,MSFT,-23.10887001411689,False
2023,MSFT,54.47638018925509,False
2024,MSFT,22.85731526645105,False
2025,MSFT,9.29160117781418,False
2026,MSFT,5.039322556883241,True
2011,NVDA,-8.004532048873248,False
2012,NVDA,-12.876363883920561,False
2013,NVDA,42.72785716061615,False
2014,NVDA,38.91341459165949,False
2015,NVDA,99.3842907251289,False
2016,NVDA,217.21528950160783,False
2017,NVDA,70.02393075630422,False
2018,NVDA,-24.766936482049417,False
2019,NVDA,68.47225608223657,False
2020,NVDA,117.90384845897614,False
2021,NVDA,124.53282599581242,False
2022,NVDA,-46.86751756671042,False
2023,NVDA,231.05715222501618,False
2024,NVDA,195.10079837315257,False
2025,NVDA,32.286424168527006,False
2026,NVDA,20.02836745144785,True
2011,RY,2.4676619073794592,False
2012,RY,20.642831231938462,False
2013,RY,23.96031923550874,False
2014,RY,16.764792169477282,False
2015,RY,-2.6114965510122823,False
2016,RY,27.89333847085651,False
2017,RY,16.805828552423606,False
2018,RY,-5.2484223073379415,False
2019,RY,15.50195625567692,False
2020,RY,6.284253074781065,False
2021,RY,34.127810046360075,False
2022,RY,-1.7151008158428516,False
2023,RY,5.03676405454947,False
2024,RY,29.641836152131162,False
2025,RY,34.758428946073636,False
2026,RY,21.859603871201628,True
2011,TD,5.607899412256234,False
2012,TD,14.311081872847819,False
2013,TD,24.0444640370415,False
2014,TD,14.873679701083597,False
2015,TD,2.2530514647073563,False
2016,TD,27.040166743395023,False
2017,TD,14.836880503709772,False
2018,TD,-4.413935362231025,False
2019,TD,12.905225446356528,False
2020,TD,3.779976318948308,False
2021,TD,41.27798078815499,False
2022,TD,-6.20358291612948,False
2023,TD,-2.5590101960366485,False
2024,TD,-10.365915442899388,False
2025,TD,68.53611200934601,False
2026,TD,31.970522618915954,True
2011,TSLA,9.66307101316557,False
2012,TSLA,16.01534419077366,False
2013,TSLA,374.809747142646,False
2014,TSLA,61.2629323983209,False
2015,TSLA,28.741204585669887,False
2016,TSLA,-13.623252306201017,False
2017,TSLA,36.1310038883101,False
2018,TSLA,16.23630146455661,False
2019,TSLA,19.67399845693818,False
2020,TSLA,726.8102639942905,False
2021,TSLA,49.120607084024414,False
2022,TSLA,-62.642907595062795,False
2023,TSLA,96.98484356327359,False
2024,TSLA,76.81535978276119,False
2025,TSLA,6.074986130781568,False
2026,TSLA,-16.896171035825468,True
