ticker,other_ticker,correlation
AAPL,AAPL,1.0
AMZN,AAPL,0.45783826556633195
MSFT,AAPL,0.5446818746421221
NVDA,AAPL,0.4521670511191228
RY,AAPL,0.3535846639050554
TD,AAPL,0.3476259764696159
TSLA,AAPL,0.34671445101206283
AAPL,AMZN,0.45783826556633195
AMZN,AMZN,1.0
MSFT,AMZN,0.5565794659529517
NVDA,AMZN,0.4480805254649173
RY,AMZN,0.2827554516632832
TD,AMZN,0.26276956395419626
TSLA,AMZN,0.3474419498825547
AAPL,MSFT,0.5446818746421221
AMZN,MSFT,0.5565794659529517
MSFT,MSFT,1.0
NVDA,MSFT,0.5327979125018545
RY,MSFT,0.37856397327004143
TD,MSFT,0.35993601259528174
TSLA,MSFT,0.3293071279266165
AAPL,NVDA,0.4521670511191228
AMZN,NVDA,0.4480805254649173
MSFT,NVDA,0.5327979125018545
NVDA,NVDA,1.0
RY,NVDA,0.31004104004943883
TD,NVDA,0.2903513110565075
TSLA,NVDA,0.36513369555931513
AAPL,RY,0.3535846639050554
AMZN,RY,0.2827554516632832
MSFT,RY,0.37856397327004143
NVDA,RY,0.31004104004943883
RY,RY,1.0
TD,RY,0.7860717926361732
TSLA,RY,0.23846313064060304
AAPL,TD,0.3476259764696159
AMZN,TD,0.26276956395419626
MSFT,TD,0.35993601259528174
NVDA,TD,0.2903513110565075
RY,TD,0.7860717926361732
TD,TD,1.0
TSLA,TD,0.24268040086850948
AAPL,TSLA,0.34671445101206283
AMZN,TSLA,0.3474419498825547
MSFT,TSLA,0.3293071279266165
NVDA,TSLA,0.36513369555931513
RY,TSLA,0.23846313064060304
TD,TSLA,0.24268040086850948
TSLA,TSLA,1.0
